ID,Ticker,Company Name,Sector,Industry,Timestamp
ec4f95de-2fc4-4a57-a97f-f7bf1562e6bd,A,"Agilent Technologies, Inc.",Healthcare,Diagnostics & Research,2024-10-27 17:57:49.084098
307610d1-822b-4456-9e1d-0e816675d903,AAPL,Apple Inc.,Technology,Consumer Electronics,2024-10-27 17:57:49.084098
503e6553-eb0e-481e-a08e-76dfa729313e,ABBV,AbbVie Inc.,Healthcare,Drug Manufacturers - General,2024-10-27 17:57:49.084098
eb553000-25a7-47e3-9ea1-70314d790af7,ABMD,Información No Disponible,Información No Disponible,Información No Disponible,2024-10-27 17:57:49.084098
a519ee7c-ff16-4940-85b6-18f1e98d7adc,ACN,Accenture plc,Technology,Information Technology Services,2024-10-27 17:57:49.084098
fef81f94-9ae4-45ef-908d-43ddba5ca752,ADBE,Adobe Inc.,Technology,Software - Infrastructure,2024-10-27 17:57:49.084098
9305990d-f209-4087-9314-fcf42ab485b9,ADI,"Analog Devices, Inc.",Technology,Semiconductors,2024-10-27 17:57:49.084098
73d7fc46-577c-4f6c-b025-06a92172aa58,ADM,Archer-Daniels-Midland Company,Consumer Defensive,Farm Products,2024-10-27 17:57:49.084098
51518a61-4a42-4dc1-8502-fd7c0fd1f6c9,ADP,"Automatic Data Processing, Inc.",Technology,Software - Application,2024-10-27 17:57:49.084098
75f99be8-c1bb-476f-8191-230f7ae63afa,ADSK,"Autodesk, Inc.",Technology,Software - Application,2024-10-27 17:57:49.084098
b39fb562-5290-4cee-b647-3a3dda3ee121,AEE,Ameren Corporation,Utilities,Utilities - Regulated Electric,2024-10-27 17:57:49.084098
82be1c53-aecd-464c-8fe4-8cc20c39df89,AEP,"American Electric Power Company, Inc.",Utilities,Utilities - Regulated Electric,2024-10-27 17:57:49.084098
24ecaa77-73a2-46b6-9350-9b65fe2669ce,AES,The AES Corporation,Utilities,Utilities - Diversified,2024-10-27 17:57:49.084098
7de4acb2-8a91-4381-bb7a-20ebd2b6e95c,AFL,Aflac Incorporated,Financial Services,Insurance - Life,2024-10-27 17:57:49.084098
fbb34952-72fa-4a0e-8a89-f3466b71a893,AIG,"American International Group, Inc.",Financial Services,Insurance - Diversified,2024-10-27 17:57:49.084098
05871600-588d-4b1e-8b25-62453dc439f6,AIZ,"Assurant, Inc.",Financial Services,Insurance - Property & Casualty,2024-10-27 17:57:49.084098
a0a51ffe-c1a9-4aac-8fcc-a1a1daa0c9c3,AJG,Arthur J. Gallagher & Co.,Financial Services,Insurance Brokers,2024-10-27 17:57:49.084098
032c03a0-8957-48c9-abab-79cbfc625b5f,AKAM,"Akamai Technologies, Inc.",Technology,Software - Infrastructure,2024-10-27 17:57:49.084098
2efaddc0-b62f-4f1c-925b-e0c18b9367b4,ALB,Albemarle Corporation,Basic Materials,Specialty Chemicals,2024-10-27 17:57:49.084098
539dad74-5f63-4f5b-9823-ad7ac834d5c0,ALGN,"Align Technology, Inc.",Healthcare,Medical Instruments & Supplies,2024-10-27 17:57:49.084098
f629a24a-71c3-4436-a598-279418a15109,ALK,"Alaska Air Group, Inc.",Industrials,Airlines,2024-10-27 17:57:49.084098
b0641e47-d428-4077-a328-8ef45864fc4e,ALL,The Allstate Corporation,Financial Services,Insurance - Property & Casualty,2024-10-27 17:57:49.084098
55549e04-ee36-45ef-a7bb-7190bcaf0f4c,AMAT,"Applied Materials, Inc.",Technology,Semiconductor Equipment & Materials,2024-10-27 17:57:49.084098
164fe703-c7d6-4131-a2ea-b4226f52bc39,AMCR,Amcor plc,Consumer Cyclical,Packaging & Containers,2024-10-27 17:57:49.084098
f0861d24-933d-415c-9818-7d3114bebd13,AMD,"Advanced Micro Devices, Inc.",Technology,Semiconductors,2024-10-27 17:57:49.084098
e74dce18-cc1a-4423-8bf5-b6430908e3f9,AME,"AMETEK, Inc.",Industrials,Specialty Industrial Machinery,2024-10-27 17:57:49.084098
48a5c6ad-9271-4adf-a6fc-2ff97727cb19,AMGN,Amgen Inc.,Healthcare,Drug Manufacturers - General,2024-10-27 17:57:49.084098
bdc3c5f8-18fc-4eda-bc60-2cd8d326c5c2,AMP,"Ameriprise Financial, Inc.",Financial Services,Asset Management,2024-10-27 17:57:49.084098
a3f9fa73-ce68-466b-8d1a-7f39095ee45f,AMT,American Tower Corporation,Real Estate,REIT - Specialty,2024-10-27 17:57:49.084098
c1876210-35f8-4cdd-87f5-cd5609951d6e,AMZN,"Amazon.com, Inc.",Consumer Cyclical,Internet Retail,2024-10-27 17:57:49.084098
4e5b8d3f-686a-48f6-bd9f-91816dd7ec3a,ANET,"Arista Networks, Inc.",Technology,Computer Hardware,2024-10-27 17:57:49.084098
df3599fa-e361-44eb-b201-e675f7ec7ab2,ANSS,"ANSYS, Inc.",Technology,Software - Application,2024-10-27 17:57:49.084098
77053d20-191a-495c-a972-e5cac7e77850,AON,Aon plc,Financial Services,Insurance Brokers,2024-10-27 17:57:49.084098
65b7270b-6923-4f86-8c59-4e93a28d045d,AOS,A. O. Smith Corporation,Industrials,Specialty Industrial Machinery,2024-10-27 17:57:49.084098
c2a180e5-7af8-4eb4-a1ce-7dde155b3150,APA,APA Corporation,Energy,Oil & Gas E&P,2024-10-27 17:57:49.084098
ae016cbd-8c43-40ae-93c8-4cef7b716906,APD,"Air Products and Chemicals, Inc.",Basic Materials,Specialty Chemicals,2024-10-27 17:57:49.084098
8afef501-4897-41ed-a5de-e1dc8a327e53,APH,Amphenol Corporation,Technology,Electronic Components,2024-10-27 17:57:49.084098
db1fba23-049f-47a3-b161-0650a65b9803,ARE,"Alexandria Real Estate Equities, Inc.",Real Estate,REIT - Office,2024-10-27 17:57:49.084098
cefec6fb-aeb7-48a4-8734-a3dd5b808882,ATO,Atmos Energy Corporation,Utilities,Utilities - Regulated Gas,2024-10-27 17:57:49.084098
d488ffa0-5057-443e-9ef1-5a1a52a14967,ATVI,Información No Disponible,Información No Disponible,Información No Disponible,2024-10-27 17:57:49.084098
1267dd4c-a93c-44b6-9f1f-538d7fd12be1,AVB,"AvalonBay Communities, Inc.",Real Estate,REIT - Residential,2024-10-27 17:57:49.084098
3d77c38e-dc62-4d71-97b2-90b51b042f00,AVGO,Broadcom Inc.,Technology,Semiconductors,2024-10-27 17:57:49.084098
b3c20cf5-91d9-4342-998f-721b4f41913f,AVY,Avery Dennison Corporation,Consumer Cyclical,Packaging & Containers,2024-10-27 17:57:49.084098
233bbee0-b977-4e85-b7ff-8c313b8b4dfe,AWK,"American Water Works Company, Inc.",Utilities,Utilities - Regulated Water,2024-10-27 17:57:49.084098
20c099a5-4d81-4282-b551-bde32a2c0fb8,AXP,American Express Company,Financial Services,Credit Services,2024-10-27 17:57:49.084098
a0db0fca-5325-4afc-b66c-ed2d8af786a1,AZO,"AutoZone, Inc.",Consumer Cyclical,Specialty Retail,2024-10-27 17:57:49.084098
d02fa844-3058-4a7e-b15e-dc8d1658232f,BA,The Boeing Company,Industrials,Aerospace & Defense,2024-10-27 17:57:49.084098
847e84a0-e4c0-4425-9e18-a713facaec44,BAC,Bank of America Corporation,Financial Services,Banks - Diversified,2024-10-27 17:57:49.084098
35803b60-fea2-4cec-92f7-8a611cefa80e,BALL,Ball Corporation,Consumer Cyclical,Packaging & Containers,2024-10-27 17:57:49.084098
753efffb-52ae-4f8d-baf2-a6ed18602be0,BAX,Baxter International Inc.,Healthcare,Medical Instruments & Supplies,2024-10-27 17:57:49.084098
6398789a-e9a8-4b8c-a94c-66771c5a6b96,BBWI,"Bath & Body Works, Inc.",Consumer Cyclical,Specialty Retail,2024-10-27 17:57:49.084098
7f25c520-eaa1-4e9c-9d10-ee7ca7e2eaf9,BBY,"Best Buy Co., Inc.",Consumer Cyclical,Specialty Retail,2024-10-27 17:57:49.084098
b22d0193-5a20-40e8-90f6-14d698e1e489,BIO,"Bio-Rad Laboratories, Inc.",Healthcare,Medical Devices,2024-10-27 17:57:49.084098
a390aba9-5d50-41b1-bbca-242527e2f807,BK,The Bank of New York Mellon Corporation,Financial Services,Banks - Diversified,2024-10-27 17:57:49.084098
b058e79a-8e9d-48df-89ca-ad44f06bdb2d,BKNG,Booking Holdings Inc.,Consumer Cyclical,Travel Services,2024-10-27 17:57:49.084098
84630070-3595-48bf-9ef4-9ad3f1cbd700,BKR,Baker Hughes Company,Energy,Oil & Gas Equipment & Services,2024-10-27 17:57:49.084098
98df5f0f-f22f-460e-a1bd-cc09babf52ab,BLK,"BlackRock, Inc.",Financial Services,Asset Management,2024-10-27 17:57:49.084098
5dec30de-2f88-4a90-888b-2bdb07532376,BLL,Información No Disponible,Información No Disponible,Información No Disponible,2024-10-27 17:57:49.084098
07bef594-eeab-4288-a090-d1c672f2384e,BMY,Bristol-Myers Squibb Company,Healthcare,Drug Manufacturers - General,2024-10-27 17:57:49.084098
5507e8dd-c398-41ef-a92e-d841e2d5aadf,BR,"Broadridge Financial Solutions, Inc.",Technology,Information Technology Services,2024-10-27 17:57:49.084098
8e8c9cd4-b78c-4bc0-9825-2bff40c4076c,BRK.B,Información No Disponible,Información No Disponible,Información No Disponible,2024-10-27 17:57:49.084098
14c9fcd1-97e4-47ab-a1c4-60f1e038627f,BRO,"Brown & Brown, Inc.",Financial Services,Insurance Brokers,2024-10-27 17:57:49.084098
02fabb43-794d-4b4c-a1d8-7e7aed357a31,BSX,Boston Scientific Corporation,Healthcare,Medical Devices,2024-10-27 17:57:49.084098
2180c958-9c28-44a3-8176-c2e55efd533d,BWA,BorgWarner Inc.,Consumer Cyclical,Auto Parts,2024-10-27 17:57:49.084098
baa80782-0fb7-4459-a5e5-023c0cb7400c,BXP,"BXP, Inc.",Real Estate,REIT - Office,2024-10-27 17:57:49.084098
53154c46-047c-4a19-ab49-b279b8c28c17,C,Citigroup Inc.,Financial Services,Banks - Diversified,2024-10-27 17:57:49.084098
c8c4c017-0af4-4e7f-ada1-c6893fc15ee6,CAG,"Conagra Brands, Inc.",Consumer Defensive,Packaged Foods,2024-10-27 17:57:49.084098
b557ef56-e2d6-4aaa-b448-b4277070a510,CAH,"Cardinal Health, Inc.",Healthcare,Medical Distribution,2024-10-27 17:57:49.084098
644b0162-7de6-41f9-a8a7-1a0f573c1cf8,CARR,Carrier Global Corporation,Industrials,Building Products & Equipment,2024-10-27 17:57:49.084098
34b85fe9-61a4-4afe-869f-925c4300db53,CAT,Caterpillar Inc.,Industrials,Farm & Heavy Construction Machinery,2024-10-27 17:57:49.084098
ce2a4775-9769-4335-b27b-f0220d0d626e,CB,Chubb Limited,Financial Services,Insurance - Property & Casualty,2024-10-27 17:57:49.084098
4b9ef67f-739c-48c0-af94-733bfa4c6eb6,CBOE,"Cboe Global Markets, Inc.",Financial Services,Financial Data & Stock Exchanges,2024-10-27 17:57:49.084098
bc0ad26d-972f-4b17-98d2-158978457c2a,CBRE,"CBRE Group, Inc.",Real Estate,Real Estate Services,2024-10-27 17:57:49.084098
2f605c1a-11ae-4971-aba5-5930fd3e61f1,CCI,Crown Castle Inc.,Real Estate,REIT - Specialty,2024-10-27 17:57:49.084098
2100f666-02f2-4533-a6a5-b53cdf19dd67,CCL,Carnival Corporation & plc,Consumer Cyclical,Travel Services,2024-10-27 17:57:49.084098
8a5e0f18-e553-4ba7-b120-32ffe79309a7,CDAY,Información No Disponible,Información No Disponible,Información No Disponible,2024-10-27 17:57:49.084098
e0ae631a-5661-4b97-9c32-385e243a4d34,CDNS,"Cadence Design Systems, Inc.",Technology,Software - Application,2024-10-27 17:57:49.084098
df38c389-dc85-4685-abf7-0f45559d7d3f,CDW,CDW Corporation,Technology,Information Technology Services,2024-10-27 17:57:49.084098
9025de74-d445-49cf-b53a-b7a67f1316a8,CE,Celanese Corporation,Basic Materials,Chemicals,2024-10-27 17:57:49.084098
97637d15-082a-4249-b5a8-31495bdc2e64,CERN,Información No Disponible,Información No Disponible,Información No Disponible,2024-10-27 17:57:49.084098
d74264cb-9610-433e-bdc1-cff54e2aa04d,CF,"CF Industries Holdings, Inc.",Basic Materials,Agricultural Inputs,2024-10-27 17:57:49.084098
e268b425-7663-4a66-b558-c9d937f2d220,CFG,"Citizens Financial Group, Inc.",Financial Services,Banks - Regional,2024-10-27 17:57:49.084098
a8d6a450-4086-4881-a0aa-1d1e12eed006,CHD,"Church & Dwight Co., Inc.",Consumer Defensive,Household & Personal Products,2024-10-27 17:57:49.084098
0f782b7b-8f13-4d90-943b-618e4ad1f3f0,CHRW,"C.H. Robinson Worldwide, Inc.",Industrials,Integrated Freight & Logistics,2024-10-27 17:57:49.084098
c382a8ba-af89-4bdc-91a6-b18b1f9b5f19,CHTR,"Charter Communications, Inc.",Communication Services,Telecom Services,2024-10-27 17:57:49.084098
b92c6dde-5b5f-4301-95d5-0f8f21d2abc7,CI,The Cigna Group,Healthcare,Healthcare Plans,2024-10-27 17:57:49.084098
eed3457d-8c6b-4077-be8a-0bcf9ea08e15,CINF,Cincinnati Financial Corporation,Financial Services,Insurance - Property & Casualty,2024-10-27 17:57:49.084098
025a8a5e-ea8a-4d0a-b542-d8ccc124b238,CL,Colgate-Palmolive Company,Consumer Defensive,Household & Personal Products,2024-10-27 17:57:49.084098
93a981be-e86e-4842-8d37-26a7c38056ed,CLX,The Clorox Company,Consumer Defensive,Household & Personal Products,2024-10-27 17:57:49.084098
7bd7b4c5-66de-4f13-9afd-deb7385e40be,CMA,Comerica Incorporated,Financial Services,Banks - Regional,2024-10-27 17:57:49.084098
7f7c969f-223f-4c39-b54d-23fad365d81a,CMCSA,Comcast Corporation,Communication Services,Telecom Services,2024-10-27 17:57:49.084098
0e45617a-088d-4590-be0f-d1bdc1683525,CME,CME Group Inc.,Financial Services,Financial Data & Stock Exchanges,2024-10-27 17:57:49.084098
730410a5-0788-480b-802a-1d2c525d929a,CMG,"Chipotle Mexican Grill, Inc.",Consumer Cyclical,Restaurants,2024-10-27 17:57:49.084098
81d5b9b6-c73b-4dde-82b5-14a97c274363,CMS,CMS Energy Corporation,Utilities,Utilities - Regulated Electric,2024-10-27 17:57:49.084098
474a757c-7a57-44ef-9fc5-c9834ec51ffd,CNC,Centene Corporation,Healthcare,Healthcare Plans,2024-10-27 17:57:49.084098
3d533016-2849-48b4-a880-5329fd643da5,CNP,"CenterPoint Energy, Inc.",Utilities,Utilities - Regulated Electric,2024-10-27 17:57:49.084098
8ec3e02c-4b61-40d6-b257-1b924ac79ba2,COF,Capital One Financial Corporation,Financial Services,Credit Services,2024-10-27 17:57:49.084098
396cad9a-82d5-454c-864a-6724498e3612,COO,"The Cooper Companies, Inc.",Healthcare,Medical Instruments & Supplies,2024-10-27 17:57:49.084098
21b4865a-1d4f-41ef-9cd1-13eacafc7d45,COP,ConocoPhillips,Energy,Oil & Gas E&P,2024-10-27 17:57:49.084098
1a599c01-c818-441d-9e1e-acb7ca109a44,COST,Costco Wholesale Corporation,Consumer Defensive,Discount Stores,2024-10-27 17:57:49.084098
a482201c-0e9f-46d5-b455-6c1216138062,CPB,Campbell Soup Company,Consumer Defensive,Packaged Foods,2024-10-27 17:57:49.084098
2ed0ac37-f449-43f7-bd7f-d71d92c7e9ff,CRL,"Charles River Laboratories International, Inc.",Healthcare,Diagnostics & Research,2024-10-27 17:57:49.084098
7bedb41c-f456-4e85-bc7c-dd4a96112436,CRM,"Salesforce, Inc.",Technology,Software - Application,2024-10-27 17:57:49.084098
ec86a45e-8b79-42fe-ac31-7a81e54de79b,CSCO,"Cisco Systems, Inc.",Technology,Communication Equipment,2024-10-27 17:57:49.084098
48d987f4-98a4-4481-a23f-db483d1a89a8,CSX,CSX Corporation,Industrials,Railroads,2024-10-27 17:57:49.084098
823344bf-5318-4d17-a860-d726c6ee612e,CTAS,Cintas Corporation,Industrials,Specialty Business Services,2024-10-27 17:57:49.084098
ec088b63-481c-4adc-b6af-4511afbba08d,CTLT,"Catalent, Inc.",Healthcare,Drug Manufacturers - Specialty & Generic,2024-10-27 17:57:49.084098
689ccade-cae4-48ac-80e5-b9ebb24dc43a,CTRA,Coterra Energy Inc.,Energy,Oil & Gas E&P,2024-10-27 17:57:49.084098
5a374e31-6b4e-4cc7-aacc-7b2507596dfe,CTSH,Cognizant Technology Solutions Corporation,Technology,Information Technology Services,2024-10-27 17:57:49.084098
aed570fe-f063-4688-81df-7aaac4e789c5,CTVA,"Corteva, Inc.",Basic Materials,Agricultural Inputs,2024-10-27 17:57:49.084098
18d40b63-dc45-43f2-8daa-d1bcd3b6956f,CVS,CVS Health Corporation,Healthcare,Healthcare Plans,2024-10-27 17:57:49.084098
6d4f7959-839b-43f2-b5b7-9559ae75487c,CVX,Chevron Corporation,Energy,Oil & Gas Integrated,2024-10-27 17:57:49.084098
d4f56406-fcda-47c9-a919-2ea5d0c1d4f3,D,"Dominion Energy, Inc.",Utilities,Utilities - Regulated Electric,2024-10-27 17:57:49.084098
b8fc00c4-ddb3-4824-b7b6-d71a25b38fa9,DAL,"Delta Air Lines, Inc.",Industrials,Airlines,2024-10-27 17:57:49.084098
bf5294b6-5201-405e-bc69-2303e829a14b,DD,"DuPont de Nemours, Inc.",Basic Materials,Specialty Chemicals,2024-10-27 17:57:49.084098
ece3eb81-e54e-4560-9f76-c34f99e560fb,DE,Deere & Company,Industrials,Farm & Heavy Construction Machinery,2024-10-27 17:57:49.084098
a65db9da-0ed1-4d85-b20a-aedf4ab50ff7,DFS,Discover Financial Services,Financial Services,Credit Services,2024-10-27 17:57:49.084098
572437b6-5b8b-47d5-b9df-2422da08685c,DG,Dollar General Corporation,Consumer Defensive,Discount Stores,2024-10-27 17:57:49.084098
bd577d51-6730-4a94-a04f-94ce6edadff4,DGX,Quest Diagnostics Incorporated,Healthcare,Diagnostics & Research,2024-10-27 17:57:49.084098
ecf2cd8b-0c16-430f-b85c-fbb43b6540a1,DHI,"D.R. Horton, Inc.",Consumer Cyclical,Residential Construction,2024-10-27 17:57:49.084098
b677df2b-f461-42fc-beb6-3f797195dd1f,DHR,Danaher Corporation,Healthcare,Diagnostics & Research,2024-10-27 17:57:49.084098
5700aee0-84c3-4abd-b201-878278bbe559,DIS,The Walt Disney Company,Communication Services,Entertainment,2024-10-27 17:57:49.084098
7eb8b1aa-80f7-4fe4-b97f-369312f9f1db,DISCA,Información No Disponible,Información No Disponible,Información No Disponible,2024-10-27 17:57:49.084098
f87dc942-20e2-4fe7-9891-f5fdcc126ff6,DISCK,Información No Disponible,Información No Disponible,Información No Disponible,2024-10-27 17:57:49.084098
36021cc2-7155-475e-abba-e57c361efdae,DISH,Información No Disponible,Información No Disponible,Información No Disponible,2024-10-27 17:57:49.084098
19716b6a-aa2c-4a60-95af-de95d7090c0d,DLR,"Digital Realty Trust, Inc.",Real Estate,REIT - Specialty,2024-10-27 17:57:49.084098
03add96a-5b46-45f1-acf6-3841e164e2ed,DLTR,"Dollar Tree, Inc.",Consumer Defensive,Discount Stores,2024-10-27 17:57:49.084098
1112d0fd-a277-41d7-84b2-b3ccbdf19077,DOV,Dover Corporation,Industrials,Specialty Industrial Machinery,2024-10-27 17:57:49.084098
6ba9409d-feed-4fd7-a1e7-c47683686f56,DOW,Dow Inc.,Basic Materials,Chemicals,2024-10-27 17:57:49.084098
e892ef0e-296e-43bc-861f-553037d3ea04,DPZ,"Domino's Pizza, Inc.",Consumer Cyclical,Restaurants,2024-10-27 17:57:49.084098
16d9a059-cef5-4aea-a19d-c5b609903680,DRE,Información No Disponible,Información No Disponible,Información No Disponible,2024-10-27 17:57:49.084098
9e47db7f-7302-4990-afac-60919641ba56,DRI,"Darden Restaurants, Inc.",Consumer Cyclical,Restaurants,2024-10-27 17:57:49.084098
74dc68ff-dbc8-4d1b-8353-9dd46f1642b8,DTE,DTE Energy Company,Utilities,Utilities - Regulated Electric,2024-10-27 17:57:49.084098
67abb087-abc9-4bc3-8450-835938766c89,DUK,Duke Energy Corporation,Utilities,Utilities - Regulated Electric,2024-10-27 17:57:49.084098
b3ddb91e-0f89-4485-99ff-cca68a4a8fca,DVA,DaVita Inc.,Healthcare,Medical Care Facilities,2024-10-27 17:57:49.084098
7bd14edb-0c47-417f-aac5-45c9dd19b005,DVN,Devon Energy Corporation,Energy,Oil & Gas E&P,2024-10-27 17:57:49.084098
773415da-63b4-4933-aece-1f8fa7592681,DXCM,"DexCom, Inc.",Healthcare,Medical Devices,2024-10-27 17:57:49.084098
d159a761-810d-4c94-b14b-ef180922969f,EA,Electronic Arts Inc.,Communication Services,Electronic Gaming & Multimedia,2024-10-27 17:57:49.084098
2404b9ea-8db6-4640-8129-f76659e41c89,EBAY,eBay Inc.,Consumer Cyclical,Internet Retail,2024-10-27 17:57:49.084098
98d49a21-4991-4bdf-861a-e3f1a119c3cd,ECL,Ecolab Inc.,Basic Materials,Specialty Chemicals,2024-10-27 17:57:49.084098
7f21ae17-16a2-4d1c-afa5-a7c2c5d59ae4,ED,"Consolidated Edison, Inc.",Utilities,Utilities - Regulated Electric,2024-10-27 17:57:49.084098
f0ee3466-9ce8-49c7-8b54-085f05e7eae3,EFX,Equifax Inc.,Industrials,Consulting Services,2024-10-27 17:57:49.084098
da9cf30a-a10e-406b-aac9-24bd30377e19,EIX,Edison International,Utilities,Utilities - Regulated Electric,2024-10-27 17:57:49.084098
c2e7daf9-05cb-4853-b725-78ce6cdb2230,EL,The Estée Lauder Companies Inc.,Consumer Defensive,Household & Personal Products,2024-10-27 17:57:49.084098
1ef59fc1-6ab6-441d-b731-0bb6dc5d8f0b,EMN,Eastman Chemical Company,Basic Materials,Specialty Chemicals,2024-10-27 17:57:49.084098
52714b61-2c08-48c1-a92c-5f543c03cee4,EMR,Emerson Electric Co.,Industrials,Specialty Industrial Machinery,2024-10-27 17:57:49.084098
ef179d09-d0bc-4e0a-9666-130da776d0df,ENPH,"Enphase Energy, Inc.",Technology,Solar,2024-10-27 17:57:49.084098
eec82581-050f-4fb3-9d84-99ea9587f971,EOG,"EOG Resources, Inc.",Energy,Oil & Gas E&P,2024-10-27 17:57:49.084098
a610f27e-0165-4990-854b-3abfe82d0039,EPAM,"EPAM Systems, Inc.",Technology,Information Technology Services,2024-10-27 17:57:49.084098
ca949e56-b6a7-4253-81bf-5296e7eb2e47,EQIX,"Equinix, Inc.",Real Estate,REIT - Specialty,2024-10-27 17:57:49.084098
934c1573-bcff-4396-ae85-40d58d1c39a4,EQR,Equity Residential,Real Estate,REIT - Residential,2024-10-27 17:57:49.084098
7d344f50-651e-4c97-80b4-7547b8c48397,ES,Eversource Energy,Utilities,Utilities - Regulated Electric,2024-10-27 17:57:49.084098
25c911d6-3da2-452a-921e-5bec9cdac98a,ESS,"Essex Property Trust, Inc.",Real Estate,REIT - Residential,2024-10-27 17:57:49.084098
90600f6e-478d-4803-9625-25389ebfefd4,ETN,Eaton Corporation plc,Industrials,Specialty Industrial Machinery,2024-10-27 17:57:49.084098
874ab457-6e46-4f40-82dc-3909125ac7a1,ETR,Entergy Corporation,Utilities,Utilities - Regulated Electric,2024-10-27 17:57:49.084098
a119c54c-4758-4720-b299-1eacd25abf1d,EVRG,"Evergy, Inc.",Utilities,Utilities - Regulated Electric,2024-10-27 17:57:49.084098
877d8a0b-6a25-4c9a-826c-a44e70aab11e,EW,Edwards Lifesciences Corporation,Healthcare,Medical Devices,2024-10-27 17:57:49.084098
e5f7e96b-50b9-4a66-83bb-00cdb8db2d07,EXC,Exelon Corporation,Utilities,Utilities - Regulated Electric,2024-10-27 17:57:49.084098
6d186f1f-54b0-4370-b0be-5bab30e5148f,EXPD,"Expeditors International of Washington, Inc.",Industrials,Integrated Freight & Logistics,2024-10-27 17:57:49.084098
059f843b-8172-441a-a0e7-534ae94c3d77,EXPE,"Expedia Group, Inc.",Consumer Cyclical,Travel Services,2024-10-27 17:57:49.084098
e91ca3c7-876d-45c3-b5cd-08c4f515a5c2,EXR,Extra Space Storage Inc.,Real Estate,REIT - Industrial,2024-10-27 17:57:49.084098
c55cd556-db8f-48cb-b3a0-7b80eb166a83,F,Ford Motor Company,Consumer Cyclical,Auto Manufacturers,2024-10-27 17:57:49.084098
3f55fe34-e911-40a1-a70f-39293eaf2634,FANG,"Diamondback Energy, Inc.",Energy,Oil & Gas E&P,2024-10-27 17:57:49.084098
1202bb5c-d9ff-4dbf-9fc6-55c7453d8863,FAST,Fastenal Company,Industrials,Industrial Distribution,2024-10-27 17:57:49.084098
b68f5093-d3c9-4aec-a1c5-69f16a432ab8,FBHS,Información No Disponible,Información No Disponible,Información No Disponible,2024-10-27 17:57:49.084098
20373e28-99a0-40b0-81f4-4e163b313ba3,FCX,Freeport-McMoRan Inc.,Basic Materials,Copper,2024-10-27 17:57:49.084098
3b2f1a28-edc9-43e2-a3a7-13da685b5f2e,FDX,FedEx Corporation,Industrials,Integrated Freight & Logistics,2024-10-27 17:57:49.084098
39ac9397-cd80-4425-b427-de1bf6178c6c,FE,FirstEnergy Corp.,Utilities,Utilities - Regulated Electric,2024-10-27 17:57:49.084098
05fc0400-cc93-4d25-a670-142f54cdb362,FFIV,"F5, Inc.",Technology,Software - Infrastructure,2024-10-27 17:57:49.084098
9f9cbd0c-cc57-4cb0-a2d5-c8ae4ce8f63b,FIS,"Fidelity National Information Services, Inc.",Technology,Information Technology Services,2024-10-27 17:57:49.084098
a2e01da9-a0d3-481b-af89-3fa8bbfbe201,FISV,Información No Disponible,Información No Disponible,Información No Disponible,2024-10-27 17:57:49.084098
bc5a9c00-7321-40ed-8e08-acc22f9f0504,FITB,Fifth Third Bancorp,Financial Services,Banks - Regional,2024-10-27 17:57:49.084098
d14489c5-14b6-4791-b335-dc1e881dde58,FLIR,Información No Disponible,Información No Disponible,Información No Disponible,2024-10-27 17:57:49.084098
719544a5-11c2-42d2-a9a3-45ed99a1c951,FLS,Flowserve Corporation,Industrials,Specialty Industrial Machinery,2024-10-27 17:57:49.084098
f519c8b9-3950-4850-a809-fa100331011d,FLT,Información No Disponible,Información No Disponible,Información No Disponible,2024-10-27 17:57:49.084098
54d7d509-4fae-41f1-9de1-a0f3dd6228cd,FMC,FMC Corporation,Basic Materials,Agricultural Inputs,2024-10-27 17:57:49.084098
0a6c2a9a-5ad3-4cb9-8663-a4c0d0e1a44c,FOX,Fox Corporation,Communication Services,Entertainment,2024-10-27 17:57:49.084098
ed135564-404c-49ec-8e70-237c135ea11a,FOXA,Fox Corporation,Communication Services,Entertainment,2024-10-27 17:57:49.084098
5176eced-2347-4d22-bd97-314078901ac8,FRC,Información No Disponible,Información No Disponible,Información No Disponible,2024-10-27 17:57:49.084098
91e1c326-1eec-4341-976c-a7c7fc0712d9,FRT,Federal Realty Investment Trust,Real Estate,REIT - Retail,2024-10-27 17:57:49.084098
1bca7325-a563-4427-ba86-422501feae32,FTNT,"Fortinet, Inc.",Technology,Software - Infrastructure,2024-10-27 17:57:49.084098
8746cd74-ef9d-47a5-95a5-2a82284eb4f2,FTV,Fortive Corporation,Technology,Scientific & Technical Instruments,2024-10-27 17:57:49.084098
41ca25b5-f644-4976-9e10-a3764737fc85,GD,General Dynamics Corporation,Industrials,Aerospace & Defense,2024-10-27 17:57:49.084098
4ce36ea1-8397-49be-854d-b259d9141928,GE,GE Aerospace,Industrials,Aerospace & Defense,2024-10-27 17:57:49.084098
8b134566-7e39-4b96-8a63-78e3ca6a8d2b,GILD,"Gilead Sciences, Inc.",Healthcare,Drug Manufacturers - General,2024-10-27 17:57:49.084098
c1a3870c-193e-45bf-b8cc-93f337ea904b,GIS,"General Mills, Inc.",Consumer Defensive,Packaged Foods,2024-10-27 17:57:49.084098
61bc1e0e-6180-42bf-ae4e-1888c501156c,GL,Globe Life Inc.,Financial Services,Insurance - Life,2024-10-27 17:57:49.084098
eb1336a0-69d1-473c-9374-61ae9365dffa,GLW,Corning Incorporated,Technology,Electronic Components,2024-10-27 17:57:49.084098
63890e8c-35de-494b-9ae6-bfbfb7d6433f,GM,General Motors Company,Consumer Cyclical,Auto Manufacturers,2024-10-27 17:57:49.084098
b032b6c8-0611-4d85-847b-2ebcdac95eef,GNRC,Generac Holdings Inc.,Industrials,Specialty Industrial Machinery,2024-10-27 17:57:49.084098
37fe9730-8470-4542-8538-70f96025ea66,GOOG,Alphabet Inc.,Communication Services,Internet Content & Information,2024-10-27 17:57:49.084098
f0d507d4-aed6-4e18-95d0-6cce7a97beb2,GOOGL,Alphabet Inc.,Communication Services,Internet Content & Information,2024-10-27 17:57:49.084098
0bca1b81-da93-4609-a5bc-5dc10cca5dee,GPC,Genuine Parts Company,Consumer Cyclical,Auto Parts,2024-10-27 17:57:49.084098
ac6da8ec-410d-4eed-97e6-b17799400197,GPN,Global Payments Inc.,Industrials,Specialty Business Services,2024-10-27 17:57:49.084098
c25f6b3c-9526-4cfd-a316-54df2548ccf9,GRMN,Garmin Ltd.,Technology,Scientific & Technical Instruments,2024-10-27 17:57:49.084098
eb85721b-8d93-4732-8232-b08f8b94bc73,GS,"The Goldman Sachs Group, Inc.",Financial Services,Capital Markets,2024-10-27 17:57:49.084098
14444438-52e2-4074-8cef-6b0a80dce722,GWW,"W.W. Grainger, Inc.",Industrials,Industrial Distribution,2024-10-27 17:57:49.084098
f21fd058-faa0-40c2-9d83-6564bcb1a72a,HAL,Halliburton Company,Energy,Oil & Gas Equipment & Services,2024-10-27 17:57:49.084098
761c984c-f256-4b06-afbf-53840a5718fe,HAS,"Hasbro, Inc.",Consumer Cyclical,Leisure,2024-10-27 17:57:49.084098
a1fa14a6-45f0-4f9d-88b6-f8df36ecbf0a,HBAN,Huntington Bancshares Incorporated,Financial Services,Banks - Regional,2024-10-27 17:57:49.084098
d760baed-e966-4e77-95c6-43833e369e57,HBI,Hanesbrands Inc.,Consumer Cyclical,Apparel Manufacturing,2024-10-27 17:57:49.084098
e7f65103-a1db-4b9e-8cb3-733617285fa4,HCA,"HCA Healthcare, Inc.",Healthcare,Medical Care Facilities,2024-10-27 17:57:49.084098
534aa8d1-170e-4a0c-ab67-8c7c7195439a,HD,"The Home Depot, Inc.",Consumer Cyclical,Home Improvement Retail,2024-10-27 17:57:49.084098
fa567aa8-6215-4d09-8151-e228010ef340,HES,Hess Corporation,Energy,Oil & Gas E&P,2024-10-27 17:57:49.084098
5a2b69ae-5075-4a13-af5a-ced51cf6635a,HIG,"The Hartford Financial Services Group, Inc.",Financial Services,Insurance - Property & Casualty,2024-10-27 17:57:49.084098
5d471c0e-0125-4160-a438-e4a29b775a66,HII,"Huntington Ingalls Industries, Inc.",Industrials,Aerospace & Defense,2024-10-27 17:57:49.084098
a5fed186-5782-4b7a-aa0b-b8194d466f3a,HLT,Hilton Worldwide Holdings Inc.,Consumer Cyclical,Lodging,2024-10-27 17:57:49.084098
9987f103-d28f-4b19-9779-1d77db79aa17,HOLX,"Hologic, Inc.",Healthcare,Medical Instruments & Supplies,2024-10-27 17:57:49.084098
9dcfd33b-b88b-42e0-821a-be93221610f3,HON,Honeywell International Inc.,Industrials,Conglomerates,2024-10-27 17:57:49.084098
e62b993c-1172-4e6c-9bda-de38e0acf2c5,HPE,Hewlett Packard Enterprise Company,Technology,Communication Equipment,2024-10-27 17:57:49.084098
e3cf4d87-3106-49cb-ba82-665cd6281308,HPQ,HP Inc.,Technology,Computer Hardware,2024-10-27 17:57:49.084098
4dbdec50-a713-489f-a53c-c500211344e9,HRL,Hormel Foods Corporation,Consumer Defensive,Packaged Foods,2024-10-27 17:57:49.084098
bd7bafea-1e4b-4bbc-8e4d-e6a64390ef91,HSIC,"Henry Schein, Inc.",Healthcare,Medical Distribution,2024-10-27 17:57:49.084098
97d4d986-00b0-4509-a6d4-2da317ddf680,HST,"Host Hotels & Resorts, Inc.",Real Estate,REIT - Hotel & Motel,2024-10-27 17:57:49.084098
f44ff911-7362-4fa2-971c-3438740c14d7,HSY,The Hershey Company,Consumer Defensive,Confectioners,2024-10-27 17:57:49.084098
b6e39335-6ee5-4ec6-bc32-e7abd4e3f9ae,HUM,Humana Inc.,Healthcare,Healthcare Plans,2024-10-27 17:57:49.084098
0d12f504-a092-4ac0-ab65-12e3f6b79653,HWM,Howmet Aerospace Inc.,Industrials,Aerospace & Defense,2024-10-27 17:57:49.084098
0881f246-9f79-44c3-bd3f-2d034b8a2bec,IBM,International Business Machines Corporation,Technology,Information Technology Services,2024-10-27 17:57:49.084098
2e7b1d62-07dd-4e75-9940-7cbfed03b471,ICE,"Intercontinental Exchange, Inc.",Financial Services,Financial Data & Stock Exchanges,2024-10-27 17:57:49.084098
dfdc58cb-b901-4cfe-9406-9cca9cabcac9,IDXX,"IDEXX Laboratories, Inc.",Healthcare,Diagnostics & Research,2024-10-27 17:57:49.084098
f9c0b8ff-d835-4415-8bf1-9e9d7f1ba735,IEX,IDEX Corporation,Industrials,Specialty Industrial Machinery,2024-10-27 17:57:49.084098
057f8304-4939-4579-9414-fbff7f58970b,IFF,International Flavors & Fragrances Inc.,Basic Materials,Specialty Chemicals,2024-10-27 17:57:49.084098
d0ffbf3e-5194-4b6c-b30b-8e884022d5d4,ILMN,"Illumina, Inc.",Healthcare,Diagnostics & Research,2024-10-27 17:57:49.084098
0e45a948-6dbb-4e86-8634-31cb531b959d,INCY,Incyte Corporation,Healthcare,Biotechnology,2024-10-27 17:57:49.084098
9bb7914c-586c-4751-b4e4-ef764bcd006d,INTC,Intel Corporation,Technology,Semiconductors,2024-10-27 17:57:49.084098
834d6ecd-70a9-4fac-8ce3-4d7b0bcb5acd,INTU,Intuit Inc.,Technology,Software - Application,2024-10-27 17:57:49.084098
029b2860-771e-4cea-826c-3ee7268cc10a,IP,International Paper Company,Consumer Cyclical,Packaging & Containers,2024-10-27 17:57:49.084098
90ffdaf9-5ada-4bf5-b9e0-a369d817ecb7,IPG,"The Interpublic Group of Companies, Inc.",Communication Services,Advertising Agencies,2024-10-27 17:57:49.084098
03e7c595-0dcf-4463-906d-928e9c19f187,IPGP,IPG Photonics Corporation,Technology,Semiconductor Equipment & Materials,2024-10-27 17:57:49.084098
8be5a8a3-c76f-471f-aef0-d46d967729a7,IQV,IQVIA Holdings Inc.,Healthcare,Diagnostics & Research,2024-10-27 17:57:49.084098
83925a9d-57ae-4348-a8b9-0d5422460024,IR,Ingersoll Rand Inc.,Industrials,Specialty Industrial Machinery,2024-10-27 17:57:49.084098
e427e5ad-6ff6-4de3-8c5c-541c7916cb27,IRM,Iron Mountain Incorporated,Real Estate,REIT - Specialty,2024-10-27 17:57:49.084098
df4cf59b-c9ae-428e-bb9b-cbaa5754a7c1,ISRG,"Intuitive Surgical, Inc.",Healthcare,Medical Instruments & Supplies,2024-10-27 17:57:49.084098
af811b1b-7e85-47f5-8773-28cc20d75f2b,IT,"Gartner, Inc.",Technology,Information Technology Services,2024-10-27 17:57:49.084098
5f8f1307-f936-4d4a-990b-71303bb65db3,ITW,Illinois Tool Works Inc.,Industrials,Specialty Industrial Machinery,2024-10-27 17:57:49.084098
15b20e83-2524-40c5-b6ce-0ad45475392a,IVZ,Invesco Ltd.,Financial Services,Asset Management,2024-10-27 17:57:49.084098
174d1a96-a0f6-4453-bd42-754f7f26d188,J,Jacobs Solutions Inc.,Industrials,Engineering & Construction,2024-10-27 17:57:49.084098
e7abdb46-3c6a-4a03-8ce4-e2df619b1ca7,JBHT,"J.B. Hunt Transport Services, Inc.",Industrials,Integrated Freight & Logistics,2024-10-27 17:57:49.084098
07763b59-54c3-4c4c-95a7-f7af811cb06a,JCI,Johnson Controls International plc,Industrials,Building Products & Equipment,2024-10-27 17:57:49.084098
ea483140-839b-4adc-a169-99c14c233fe5,JKHY,"Jack Henry & Associates, Inc.",Technology,Information Technology Services,2024-10-27 17:57:49.084098
b57887d9-6257-47a3-89c7-2a7ed50faa36,JNJ,Johnson & Johnson,Healthcare,Drug Manufacturers - General,2024-10-27 17:57:49.084098
b12cffd0-0c45-4642-96bb-10815277dd7e,JNPR,"Juniper Networks, Inc.",Technology,Communication Equipment,2024-10-27 17:57:49.084098
404f8098-cdca-4f7c-9b18-c64138516d40,JPM,JPMorgan Chase & Co.,Financial Services,Banks - Diversified,2024-10-27 17:57:49.084098
eb3c5c48-4688-4055-ad3b-24cdf9bdfff4,K,Kellanova,Consumer Defensive,Packaged Foods,2024-10-27 17:57:49.084098
3499328a-39e1-4234-9fc5-aed8fc914640,KEY,KeyCorp,Financial Services,Banks - Regional,2024-10-27 17:57:49.084098
50819702-b6bc-414b-ae30-a1c594cb704e,KEYS,"Keysight Technologies, Inc.",Technology,Scientific & Technical Instruments,2024-10-27 17:57:49.084098
3a13d741-1686-4b3e-8d58-f2a20f096d9d,KHC,The Kraft Heinz Company,Consumer Defensive,Packaged Foods,2024-10-27 17:57:49.084098
ca75c1c6-f5e2-4b52-859e-6b01a6386bbd,KIM,Kimco Realty Corporation,Real Estate,REIT - Retail,2024-10-27 17:57:49.084098
c69c66a6-a408-4cdc-8a06-9d0269be792b,KLAC,KLA Corporation,Technology,Semiconductor Equipment & Materials,2024-10-27 17:57:49.084098
c8cd879c-9d5f-4e0a-881a-8cb146692b79,KMB,Kimberly-Clark Corporation,Consumer Defensive,Household & Personal Products,2024-10-27 17:57:49.084098
5108c9be-080a-49af-95a6-001107c00c79,KMI,"Kinder Morgan, Inc.",Energy,Oil & Gas Midstream,2024-10-27 17:57:49.084098
f6279104-5297-4531-810c-714ac8766bdd,KO,The Coca-Cola Company,Consumer Defensive,Beverages - Non-Alcoholic,2024-10-27 17:57:49.084098
39276596-afbd-42ef-abc2-5934eeb9359b,KR,The Kroger Co.,Consumer Defensive,Grocery Stores,2024-10-27 17:57:49.084098
c042a9fe-8bc2-40be-ba05-83b388da6814,L,Loews Corporation,Financial Services,Insurance - Property & Casualty,2024-10-27 17:57:49.084098
8a7ebde7-55ab-4a0a-92f1-5e331caa3424,LDOS,"Leidos Holdings, Inc.",Technology,Information Technology Services,2024-10-27 17:57:49.084098
92d86717-fb30-4763-9b2f-9a892724cc4b,LEG,"Leggett & Platt, Incorporated",Consumer Cyclical,"Furnishings, Fixtures & Appliances",2024-10-27 17:57:49.084098
5ee09e5a-3952-451f-8c36-70ce3f059c7d,LEN,Lennar Corporation,Consumer Cyclical,Residential Construction,2024-10-27 17:57:49.084098
f136431d-8f7d-488c-83f8-380bf3833471,LH,Labcorp Holdings Inc.,Healthcare,Diagnostics & Research,2024-10-27 17:57:49.084098
0412ea6e-9c3c-48c6-b7a1-34bc0bded2cc,LHX,"L3Harris Technologies, Inc.",Industrials,Aerospace & Defense,2024-10-27 17:57:49.084098
bec6fbc5-f635-4e77-b68e-5526d96653f7,LIN,Linde plc,Basic Materials,Specialty Chemicals,2024-10-27 17:57:49.084098
12d9878e-6c8c-40f8-9866-dbf9a810c9f8,LKQ,LKQ Corporation,Consumer Cyclical,Auto Parts,2024-10-27 17:57:49.084098
60e6733f-cf9c-4e80-abc8-f93aacb0524b,LMT,Lockheed Martin Corporation,Industrials,Aerospace & Defense,2024-10-27 17:57:49.084098
3d2c11a2-760e-488d-8dc0-8d40821e2081,LNC,Lincoln National Corporation,Financial Services,Insurance - Life,2024-10-27 17:57:49.084098
bcd239c2-7423-4edc-ba3e-8a97530394d7,LNT,Alliant Energy Corporation,Utilities,Utilities - Regulated Electric,2024-10-27 17:57:49.084098
fabcd506-8251-4d72-8cb0-5c09ad9ab5c0,LOW,"Lowe's Companies, Inc.",Consumer Cyclical,Home Improvement Retail,2024-10-27 17:57:49.084098
3e60d2f7-642f-4767-9959-8f3d57314612,LRCX,Lam Research Corporation,Technology,Semiconductor Equipment & Materials,2024-10-27 17:57:49.084098
1c9d1f27-3889-4cea-923b-1f7548bd1c13,LUMN,"Lumen Technologies, Inc.",Communication Services,Telecom Services,2024-10-27 17:57:49.084098
db8c47e6-8bf8-4c5c-88e9-611ad2a8f0cc,LUV,Southwest Airlines Co.,Industrials,Airlines,2024-10-27 17:57:49.084098
695ee59e-e56a-4be0-b752-fa6c5c20fb84,LW,"Lamb Weston Holdings, Inc.",Consumer Defensive,Packaged Foods,2024-10-27 17:57:49.084098
2b065c8d-a3df-4044-b609-01501f6d14a8,LYB,LyondellBasell Industries N.V.,Basic Materials,Specialty Chemicals,2024-10-27 17:57:49.084098
5b4e79e3-efa2-4935-ae50-32e43f9b4a76,LYV,"Live Nation Entertainment, Inc.",Communication Services,Entertainment,2024-10-27 17:57:49.084098
74292546-d74f-4120-9768-d98b023339f8,MA,Mastercard Incorporated,Financial Services,Credit Services,2024-10-27 17:57:49.084098
ab647bd0-f2b6-4642-8ce9-7e374cb05dd0,MAA,"Mid-America Apartment Communities, Inc.",Real Estate,REIT - Residential,2024-10-27 17:57:49.084098
43a2fd63-0d93-4a0a-a5c5-f0a4c2065323,MAR,"Marriott International, Inc.",Consumer Cyclical,Lodging,2024-10-27 17:57:49.084098
cf962798-84d8-4dc4-9c53-8a0b80f59e66,MAS,Masco Corporation,Industrials,Building Products & Equipment,2024-10-27 17:57:49.084098
b02f7110-64ec-44bd-a125-fcdf6a086c5c,MCD,McDonald's Corporation,Consumer Cyclical,Restaurants,2024-10-27 17:57:49.084098
df2c1741-810f-4852-abeb-a1244db5af12,MCHP,Microchip Technology Incorporated,Technology,Semiconductors,2024-10-27 17:57:49.084098
2b27d87f-d3a5-4955-868a-a4e0cc713964,MCK,McKesson Corporation,Healthcare,Medical Distribution,2024-10-27 17:57:49.084098
3e0b3c10-5245-49cc-91dc-41770dc0955d,MCO,Moody's Corporation,Financial Services,Financial Data & Stock Exchanges,2024-10-27 17:57:49.084098
4f2ab840-5374-44f4-b901-da256bc6c776,MDLZ,"Mondelez International, Inc.",Consumer Defensive,Confectioners,2024-10-27 17:57:49.084098
6cb4bb48-8948-4fa8-a60b-156c8b0ef775,MDT,Medtronic plc,Healthcare,Medical Devices,2024-10-27 17:57:49.084098
d445dbff-df80-4b10-a38a-d91d067d8c12,MET,"MetLife, Inc.",Financial Services,Insurance - Life,2024-10-27 17:57:49.084098
bc87df97-5a7f-4099-a974-9bafbf777062,MGM,MGM Resorts International,Consumer Cyclical,Resorts & Casinos,2024-10-27 17:57:49.084098
3ff75e0e-b3c3-40c1-8444-04b9add44fcf,MHK,"Mohawk Industries, Inc.",Consumer Cyclical,"Furnishings, Fixtures & Appliances",2024-10-27 17:57:49.084098
233e2341-0dc2-44f9-b682-2c4d861ae0fd,MKC,"McCormick & Company, Incorporated",Consumer Defensive,Packaged Foods,2024-10-27 17:57:49.084098
ca9b1448-7c15-4ec4-9e86-18468296a90c,MKTX,MarketAxess Holdings Inc.,Financial Services,Capital Markets,2024-10-27 17:57:49.084098
cb1fd892-70e4-446d-8f9a-12849229fce8,MLM,"Martin Marietta Materials, Inc.",Basic Materials,Building Materials,2024-10-27 17:57:49.084098
eb8ca9e9-2d9a-498f-98e7-fd57f96203ad,MMC,"Marsh & McLennan Companies, Inc.",Financial Services,Insurance Brokers,2024-10-27 17:57:49.084098
118ab63b-79e5-4252-828b-6e7552e71379,MMM,3M Company,Industrials,Conglomerates,2024-10-27 17:57:49.084098
d2c30e07-1a65-4151-8b58-3c097129d21a,MNST,Monster Beverage Corporation,Consumer Defensive,Beverages - Non-Alcoholic,2024-10-27 17:57:49.084098
40bed309-8c6f-445a-a814-5edc472ef2d3,MO,"Altria Group, Inc.",Consumer Defensive,Tobacco,2024-10-27 17:57:49.084098
64cd7658-7b3d-4eba-9c70-54c22fd403bd,MOS,The Mosaic Company,Basic Materials,Agricultural Inputs,2024-10-27 17:57:49.084098
6035d9de-23e9-4103-a3fc-33b464e2d6c9,MPC,Marathon Petroleum Corporation,Energy,Oil & Gas Refining & Marketing,2024-10-27 17:57:49.084098
63e55895-522b-4c37-bd80-9538e6ceafa8,MPWR,"Monolithic Power Systems, Inc.",Technology,Semiconductors,2024-10-27 17:57:49.084098
377d256f-947f-43cc-883e-8df6e629b510,MRK,"Merck & Co., Inc.",Healthcare,Drug Manufacturers - General,2024-10-27 17:57:49.084098
6398847e-2354-4429-8576-a041382b03cf,MRO,Marathon Oil Corporation,Energy,Oil & Gas E&P,2024-10-27 17:57:49.084098
4416df18-c040-4818-ae50-dd26b7985a39,MS,Morgan Stanley,Financial Services,Capital Markets,2024-10-27 17:57:49.084098
9b4d7576-c1c4-40a7-98f6-74a73472b4c3,MSCI,MSCI Inc.,Financial Services,Financial Data & Stock Exchanges,2024-10-27 17:57:49.084098
6b690938-04a8-4274-9250-98649b966ff9,MSFT,Microsoft Corporation,Technology,Software - Infrastructure,2024-10-27 17:57:49.084098
dd0defd7-67a5-4c06-8df4-4767673dd415,MSI,"Motorola Solutions, Inc.",Technology,Communication Equipment,2024-10-27 17:57:49.084098
ca112f5e-08d5-436c-aaa5-9f55b203007c,MTB,M&T Bank Corporation,Financial Services,Banks - Regional,2024-10-27 17:57:49.084098
acd0e363-c0d7-4b80-9406-7cbea7d5265c,MTD,Mettler-Toledo International Inc.,Healthcare,Diagnostics & Research,2024-10-27 17:57:49.084098
637c40e3-aee0-4d67-b874-9e9ea1d05996,MU,"Micron Technology, Inc.",Technology,Semiconductors,2024-10-27 17:57:49.084098
7047aa65-35cb-4044-8df5-15fc90a05037,NCLH,Norwegian Cruise Line Holdings Ltd.,Consumer Cyclical,Travel Services,2024-10-27 17:57:49.084098
2fb75410-e939-4d94-a0be-d5611584c977,NDAQ,"Nasdaq, Inc.",Financial Services,Financial Data & Stock Exchanges,2024-10-27 17:57:49.084098
0e767828-f419-4cca-8a2f-b561a5f21e5c,NDSN,Nordson Corporation,Industrials,Specialty Industrial Machinery,2024-10-27 17:57:49.084098
20a418be-d032-47aa-8b46-047e0816ed92,NEE,"NextEra Energy, Inc.",Utilities,Utilities - Regulated Electric,2024-10-27 17:57:49.084098
fc9b429d-5c4f-4193-98f6-0a9fae5449d7,NEM,Newmont Corporation,Basic Materials,Gold,2024-10-27 17:57:49.084098
e174956d-c34a-4836-948d-dd2c0a9547e9,NFLX,"Netflix, Inc.",Communication Services,Entertainment,2024-10-27 17:57:49.084098
1b8a6a4c-ab27-4a55-9631-84b136d87495,NI,NiSource Inc.,Utilities,Utilities - Regulated Gas,2024-10-27 17:57:49.084098
883a66ad-099d-472c-a181-3e756ad11d79,NKE,"NIKE, Inc.",Consumer Cyclical,Footwear & Accessories,2024-10-27 17:57:49.084098
99a74d95-fbb0-436d-bdd1-1573c5178fdd,NLOK,Información No Disponible,Información No Disponible,Información No Disponible,2024-10-27 17:57:49.084098
b932a3ec-1b0c-4b7f-8d5f-b5abb7f77a7a,NLSN,Información No Disponible,Información No Disponible,Información No Disponible,2024-10-27 17:57:49.084098
f56de466-f028-4bca-bac1-2c40d75cf2e1,NOC,Northrop Grumman Corporation,Industrials,Aerospace & Defense,2024-10-27 17:57:49.084098
68fb53cd-7326-4f0f-8a5b-bac58e71dc83,NOV,NOV Inc.,Energy,Oil & Gas Equipment & Services,2024-10-27 17:57:49.084098
4c998d1c-5d5a-4bb8-9683-730022412b0f,NOW,"ServiceNow, Inc.",Technology,Software - Application,2024-10-27 17:57:49.084098
7a5bbd60-5bb5-4422-8d0e-ba86189eda43,NRG,"NRG Energy, Inc.",Utilities,Utilities - Independent Power Producers,2024-10-27 17:57:49.084098
baefe509-32c6-48e6-9d2f-f9e3c1251b86,NSC,Norfolk Southern Corporation,Industrials,Railroads,2024-10-27 17:57:49.084098
4f66743f-fd32-49ee-8cab-acac5894ccef,NTAP,"NetApp, Inc.",Technology,Computer Hardware,2024-10-27 17:57:49.084098
594b9816-5ea9-45fa-a18e-7324d0e5d76a,NTRS,Northern Trust Corporation,Financial Services,Asset Management,2024-10-27 17:57:49.084098
7c9811dd-7854-4c14-bdbf-8aa62a947481,NUE,Nucor Corporation,Basic Materials,Steel,2024-10-27 17:57:49.084098
99e7f5c5-b816-4a7d-801f-6a472f47c5f9,NVDA,NVIDIA Corporation,Technology,Semiconductors,2024-10-27 17:57:49.084098
5c6cd65a-f4ea-42c0-9340-8de3f8743681,NVR,"NVR, Inc.",Consumer Cyclical,Residential Construction,2024-10-27 17:57:49.084098
2eca8c22-1fec-43dd-9129-d9b177c13da7,NWL,Newell Brands Inc.,Consumer Defensive,Household & Personal Products,2024-10-27 17:57:49.084098
206e4b14-991f-4dd7-a671-d7ccd1977a21,NWS,News Corporation,Communication Services,Entertainment,2024-10-27 17:57:49.084098
3cd54356-7868-4d89-ac95-e4ca9372f3b7,NWSA,News Corporation,Communication Services,Entertainment,2024-10-27 17:57:49.084098
bd52b644-29a4-41af-af0e-7547be6d0fda,NXPI,NXP Semiconductors N.V.,Technology,Semiconductors,2024-10-27 17:57:49.084098
85f6fb75-761b-4171-af36-4bc1314b57b8,O,Realty Income Corporation,Real Estate,REIT - Retail,2024-10-27 17:57:49.084098
2e8e0734-9d47-434f-820f-811ae149c3d9,ODFL,"Old Dominion Freight Line, Inc.",Industrials,Trucking,2024-10-27 17:57:49.084098
18e74517-c15a-457c-b943-a0599400173a,OKE,"ONEOK, Inc.",Energy,Oil & Gas Midstream,2024-10-27 17:57:49.084098
8d11c890-4615-47fb-9eb0-c0cced4e415a,OMC,Omnicom Group Inc.,Communication Services,Advertising Agencies,2024-10-27 17:57:49.084098
2198dcb2-4a0f-498b-8118-ef7819f6d28f,ORCL,Oracle Corporation,Technology,Software - Infrastructure,2024-10-27 17:57:49.084098
ba3816c4-15e0-440c-bad5-9e2e274b5c47,ORLY,"O'Reilly Automotive, Inc.",Consumer Cyclical,Specialty Retail,2024-10-27 17:57:49.084098
1f9f16ca-f49f-48aa-96c8-81ece4504e91,OTIS,Otis Worldwide Corporation,Industrials,Specialty Industrial Machinery,2024-10-27 17:57:49.084098
a3b2ca90-e52e-4bd6-aa94-50e7fb70abd4,OXY,Occidental Petroleum Corporation,Energy,Oil & Gas E&P,2024-10-27 17:57:49.084098
77610201-5ab4-42bb-aea9-169f17a4fa1b,PARA,Paramount Global,Communication Services,Entertainment,2024-10-27 17:57:49.084098
979cb2ec-9990-40e1-9f1e-98b9255c5325,PAYC,"Paycom Software, Inc.",Technology,Software - Application,2024-10-27 17:57:49.084098
599cc038-3cd9-4a7c-bde3-0b51ba6e37ef,PAYX,"Paychex, Inc.",Technology,Software - Application,2024-10-27 17:57:49.084098
d5692c18-98d6-4f87-b117-13f7e3394bdd,PBCT,Información No Disponible,Información No Disponible,Información No Disponible,2024-10-27 17:57:49.084098
586dabfd-47b5-42d3-9f70-a1ff7ad7d8a2,PCAR,PACCAR Inc,Industrials,Farm & Heavy Construction Machinery,2024-10-27 17:57:49.084098
d2bb3c1a-aa50-4cd8-8886-fff52b27a704,PEAK,Información No Disponible,Información No Disponible,Información No Disponible,2024-10-27 17:57:49.084098
6ae614c1-00ca-48e9-93f5-c8b02f06a1c1,PEG,Public Service Enterprise Group Incorporated,Utilities,Utilities - Regulated Electric,2024-10-27 17:57:49.084098
7425e875-56aa-42e1-8802-dc984d9a06d3,PENN,"PENN Entertainment, Inc.",Consumer Cyclical,Resorts & Casinos,2024-10-27 17:57:49.084098
70b5db7c-5ccc-410d-a904-ad7404e43404,PEP,"PepsiCo, Inc.",Consumer Defensive,Beverages - Non-Alcoholic,2024-10-27 17:57:49.084098
73bd1d16-b0c0-442b-bfa2-c1dc18a430db,PFE,Pfizer Inc.,Healthcare,Drug Manufacturers - General,2024-10-27 17:57:49.084098
bbc0999b-04e2-4ed4-b562-dd436f302f8f,PFG,"Principal Financial Group, Inc.",Financial Services,Asset Management,2024-10-27 17:57:49.084098
93485a9c-c02c-432b-b2ce-bbb1ea9d5bf4,PG,The Procter & Gamble Company,Consumer Defensive,Household & Personal Products,2024-10-27 17:57:49.084098
473638a7-525e-4bb2-b20a-fd4a94bba6a6,PGR,The Progressive Corporation,Financial Services,Insurance - Property & Casualty,2024-10-27 17:57:49.084098
423f5b64-1f93-4684-8392-9891200d4052,PH,Parker-Hannifin Corporation,Industrials,Specialty Industrial Machinery,2024-10-27 17:57:49.084098
d5d86f91-6049-4f82-bbf4-a8b0f0c4f08d,PHM,"PulteGroup, Inc.",Consumer Cyclical,Residential Construction,2024-10-27 17:57:49.084098
13dc8bf0-2be7-4c15-a02a-57097894677a,PKG,Packaging Corporation of America,Consumer Cyclical,Packaging & Containers,2024-10-27 17:57:49.084098
f0b040f7-7902-4f78-818e-675740531823,PKI,Información No Disponible,Información No Disponible,Información No Disponible,2024-10-27 17:57:49.084098
19360dbb-c0f4-47af-8351-55620ef3e483,PLD,"Prologis, Inc.",Real Estate,REIT - Industrial,2024-10-27 17:57:49.084098
54a30620-b8af-4b34-ad20-e763ede987a6,PM,Philip Morris International Inc.,Consumer Defensive,Tobacco,2024-10-27 17:57:49.084098
1ba45b5f-535a-485d-834a-1a529f40845a,PNC,"The PNC Financial Services Group, Inc.",Financial Services,Banks - Regional,2024-10-27 17:57:49.084098
08aadacd-c697-457b-bee0-c58036891b46,PNR,Pentair plc,Industrials,Specialty Industrial Machinery,2024-10-27 17:57:49.084098
4e536a89-1fcf-441d-b7c3-4330ccdb4ed4,PNW,Pinnacle West Capital Corporation,Utilities,Utilities - Regulated Electric,2024-10-27 17:57:49.084098
1a7890a9-9501-4a83-88f0-8610cdb95114,POOL,Pool Corporation,Industrials,Industrial Distribution,2024-10-27 17:57:49.084098
989a1de6-b7e4-4cd3-ab78-7a286432a6cf,PPG,"PPG Industries, Inc.",Basic Materials,Specialty Chemicals,2024-10-27 17:57:49.084098
daa4af9e-388e-47ee-bb2b-1d822506de25,PPL,PPL Corporation,Utilities,Utilities - Regulated Electric,2024-10-27 17:57:49.084098
1fa3cc87-8689-4cc1-be16-ea016b0583ad,PRGO,Perrigo Company plc,Healthcare,Drug Manufacturers - Specialty & Generic,2024-10-27 17:57:49.084098
731ae58a-b37a-4524-841b-9c60347783bd,PRU,"Prudential Financial, Inc.",Financial Services,Insurance - Life,2024-10-27 17:57:49.084098
0a13d809-6121-424a-be59-a995be714063,PSA,Public Storage,Real Estate,REIT - Industrial,2024-10-27 17:57:49.084098
ba182496-fad8-4004-8650-9e1a7263daf6,PSX,Phillips 66,Energy,Oil & Gas Refining & Marketing,2024-10-27 17:57:49.084098
1d16eb71-8e59-40ea-a736-bb7f89f8c74c,PVH,PVH Corp.,Consumer Cyclical,Apparel Manufacturing,2024-10-27 17:57:49.084098
9e12e7a8-7875-462a-babf-52c12c01efd0,PWR,"Quanta Services, Inc.",Industrials,Engineering & Construction,2024-10-27 17:57:49.084098
650d682c-c6ed-4f0a-89f5-22fa707b9da9,PXD,Información No Disponible,Información No Disponible,Información No Disponible,2024-10-27 17:57:49.084098
a6d57694-0608-48ca-a8e6-8eed3288f0ab,PYPL,"PayPal Holdings, Inc.",Financial Services,Credit Services,2024-10-27 17:57:49.084098
ddf28546-9c20-46e6-8a2f-3b20240ff405,QCOM,QUALCOMM Incorporated,Technology,Semiconductors,2024-10-27 17:57:49.084098
f104b771-8be9-42f2-b9b4-e8e9030070f3,QRVO,"Qorvo, Inc.",Technology,Semiconductors,2024-10-27 17:57:49.084098
9e3aa3e4-52c4-418d-bebf-a79e4c971707,RCL,Royal Caribbean Cruises Ltd.,Consumer Cyclical,Travel Services,2024-10-27 17:57:49.084098
24957d86-57b3-4c81-855f-7e3ad5cfdaab,RE,Información No Disponible,Información No Disponible,Información No Disponible,2024-10-27 17:57:49.084098
d03b90fd-aef8-4087-a56a-7db7d69c0ac9,REG,Regency Centers Corporation,Real Estate,REIT - Retail,2024-10-27 17:57:49.084098
350ab479-fcc0-4e80-8d70-e468503da9ea,REGN,"Regeneron Pharmaceuticals, Inc.",Healthcare,Biotechnology,2024-10-27 17:57:49.084098
03f741bc-e930-4e4d-a02f-e52cd3856f59,RF,Regions Financial Corporation,Financial Services,Banks - Regional,2024-10-27 17:57:49.084098
7fad8561-ba53-4568-b82b-7d4897dc6087,RHI,Robert Half Inc.,Industrials,Staffing & Employment Services,2024-10-27 17:57:49.084098
531a4c55-f21d-4dbd-b974-b2de598f472b,RJF,"Raymond James Financial, Inc.",Financial Services,Asset Management,2024-10-27 17:57:49.084098
efc13fe4-12ca-4d0b-95fb-116a81a76f39,RL,Ralph Lauren Corporation,Consumer Cyclical,Apparel Manufacturing,2024-10-27 17:57:49.084098
5bb87970-fd84-4a4a-a370-ad113d395b16,RMD,ResMed Inc.,Healthcare,Medical Instruments & Supplies,2024-10-27 17:57:49.084098
60af680b-0d7d-4bdb-863d-d5ff86ccdd3d,ROK,"Rockwell Automation, Inc.",Industrials,Specialty Industrial Machinery,2024-10-27 17:57:49.084098
a1d244f2-2cb2-4359-94bd-bc2b640426f9,ROL,"Rollins, Inc.",Consumer Cyclical,Personal Services,2024-10-27 17:57:49.084098
24d0cb55-c8fe-4c1b-b4d7-409dd88197ff,ROP,"Roper Technologies, Inc.",Technology,Software - Application,2024-10-27 17:57:49.084098
ab9615f2-02b5-463e-a31d-ceec88017209,ROST,"Ross Stores, Inc.",Consumer Cyclical,Apparel Retail,2024-10-27 17:57:49.084098
22e43a52-b0ad-42b2-8d73-d8c01d4f6084,RSG,"Republic Services, Inc.",Industrials,Waste Management,2024-10-27 17:57:49.084098
8bfb2c51-425d-41cc-9480-d08da2713c94,RTX,RTX Corporation,Industrials,Aerospace & Defense,2024-10-27 17:57:49.084098
45951d3c-5b6e-426a-b6ba-1d0b89778ba3,SBAC,SBA Communications Corporation,Real Estate,REIT - Specialty,2024-10-27 17:57:49.084098
23182abe-88c5-4732-ad5b-eab9cd055f40,SBNY,Signature Bank,Financial Services,Banks - Regional,2024-10-27 17:57:49.084098
d2ec96ea-0dc7-4be6-806c-e4e6eacb2fde,SBUX,Starbucks Corporation,Consumer Cyclical,Restaurants,2024-10-27 17:57:49.084098
a0815052-bf0d-4be2-8845-a88a2516658d,SCHW,The Charles Schwab Corporation,Financial Services,Capital Markets,2024-10-27 17:57:49.084098
e21b5be6-4353-4257-bf94-2d4bb0b30c86,SEE,Sealed Air Corporation,Consumer Cyclical,Packaging & Containers,2024-10-27 17:57:49.084098
cc62fba9-910a-4ee5-8bb4-6c72da043306,SHW,The Sherwin-Williams Company,Basic Materials,Specialty Chemicals,2024-10-27 17:57:49.084098
c01823f7-f381-4203-bbfb-6146e2112f0f,SIVB,Información No Disponible,Información No Disponible,Información No Disponible,2024-10-27 17:57:49.084098
fbbe5b7c-0885-4655-a6ed-cd312bc24016,SJM,The J. M. Smucker Company,Consumer Defensive,Packaged Foods,2024-10-27 17:57:49.084098
1e027c15-7190-45a8-aee4-876758fff5b0,SLB,Schlumberger Limited,Energy,Oil & Gas Equipment & Services,2024-10-27 17:57:49.084098
31460697-0798-44c8-87a7-7f9bf7473a8e,SNA,Snap-on Incorporated,Industrials,Tools & Accessories,2024-10-27 17:57:49.084098
773391c4-e247-4c4d-833d-ed5d507f8c1d,SNPS,"Synopsys, Inc.",Technology,Software - Infrastructure,2024-10-27 17:57:49.084098
8dcd8bd7-05f4-45ef-9e86-99b2455d539d,SO,The Southern Company,Utilities,Utilities - Regulated Electric,2024-10-27 17:57:49.084098
be0cb73c-f91f-44e3-a4fe-d8be68515bd4,SPG,"Simon Property Group, Inc.",Real Estate,REIT - Retail,2024-10-27 17:57:49.084098
32c5fe11-6e75-441f-a1ad-7427154d4044,SPGI,S&P Global Inc.,Financial Services,Financial Data & Stock Exchanges,2024-10-27 17:57:49.084098
7bd1c359-6974-441c-a9aa-06f25672bf0e,SRE,Sempra,Utilities,Utilities - Diversified,2024-10-27 17:57:49.084098
2ccba835-3661-4dab-81f8-c1eba889f104,STE,STERIS plc,Healthcare,Medical Devices,2024-10-27 17:57:49.084098
0aa2e540-ec7e-4887-a5e6-adeb0961ea7e,STT,State Street Corporation,Financial Services,Asset Management,2024-10-27 17:57:49.084098
c8a6c03d-02e8-4bf9-b3e6-5589d3af61b5,STX,Seagate Technology Holdings plc,Technology,Computer Hardware,2024-10-27 17:57:49.084098
4215a230-0ada-4c06-9196-4076c63d96fd,STZ,"Constellation Brands, Inc.",Consumer Defensive,Beverages - Brewers,2024-10-27 17:57:49.084098
fed8bf84-7dfe-45c1-8675-afec026c9bc9,SWK,"Stanley Black & Decker, Inc.",Industrials,Tools & Accessories,2024-10-27 17:57:49.084098
9e8de31e-0972-4336-9eff-28fc0c618923,SWKS,"Skyworks Solutions, Inc.",Technology,Semiconductors,2024-10-27 17:57:49.084098
88f99cf2-d7c2-4196-9b1d-ac4c7065008b,SYF,Synchrony Financial,Financial Services,Credit Services,2024-10-27 17:57:49.084098
a2300738-b0c6-41d8-8f25-dce611520f2b,SYK,Stryker Corporation,Healthcare,Medical Devices,2024-10-27 17:57:49.084098
303858c6-33fe-41b3-a077-c33a4b0ecaef,SYY,Sysco Corporation,Consumer Defensive,Food Distribution,2024-10-27 17:57:49.084098
f1cf4a62-c017-4b16-907e-aa25c8804100,T,AT&T Inc.,Communication Services,Telecom Services,2024-10-27 17:57:49.084098
bb9d1557-26d6-4903-ac36-4ea6fdcfb769,TAP,Molson Coors Beverage Company,Consumer Defensive,Beverages - Brewers,2024-10-27 17:57:49.084098
fd33e16b-3986-4c16-9ec4-7a1a34ba2a37,TDG,TransDigm Group Incorporated,Industrials,Aerospace & Defense,2024-10-27 17:57:49.084098
b55df6bb-b61c-4df8-b4c4-1ccd9c5b40ae,TDY,Teledyne Technologies Incorporated,Technology,Scientific & Technical Instruments,2024-10-27 17:57:49.084098
b770daeb-a780-48b1-97c6-8b910d416e7b,TEL,TE Connectivity plc,Technology,Electronic Components,2024-10-27 17:57:49.084098
63d93aac-abcf-49e7-bfd6-1d061c8a8a87,TER,"Teradyne, Inc.",Technology,Semiconductor Equipment & Materials,2024-10-27 17:57:49.084098
777e7f62-8413-43ed-93dd-30c56e3483c1,TFC,Truist Financial Corporation,Financial Services,Banks - Regional,2024-10-27 17:57:49.084098
3e445831-e592-4a25-b08b-a398512bb1b0,TFX,Teleflex Incorporated,Healthcare,Medical Instruments & Supplies,2024-10-27 17:57:49.084098
5d4d2005-5ffd-403b-8f0e-0a419723dbf8,TGT,Target Corporation,Consumer Defensive,Discount Stores,2024-10-27 17:57:49.084098
42f6a3ca-25aa-4797-ba86-13c5d70e9ebe,TJX,"The TJX Companies, Inc.",Consumer Cyclical,Apparel Retail,2024-10-27 17:57:49.084098
51b7a6c6-3e07-4f62-b5d8-9aad9dc2cbc9,TMO,Thermo Fisher Scientific Inc.,Healthcare,Diagnostics & Research,2024-10-27 17:57:49.084098
87fdf10c-b0a5-443e-9988-e06c047b87bc,TMUS,"T-Mobile US, Inc.",Communication Services,Telecom Services,2024-10-27 17:57:49.084098
6ab3bf42-05df-4a52-a8dc-4b7ddacfcb00,TPR,"Tapestry, Inc.",Consumer Cyclical,Luxury Goods,2024-10-27 17:57:49.084098
76a8ceb8-f0ab-4cbd-ba7e-a45171b148dd,TRMB,Trimble Inc.,Technology,Scientific & Technical Instruments,2024-10-27 17:57:49.084098
05a35f11-475e-4a4b-8454-564640cc0351,TROW,"T. Rowe Price Group, Inc.",Financial Services,Asset Management,2024-10-27 17:57:49.084098
2a7aa883-e18a-407e-a200-f54ae2433bbf,TRV,"The Travelers Companies, Inc.",Financial Services,Insurance - Property & Casualty,2024-10-27 17:57:49.084098
3099066c-9391-4f1d-ac42-8b7fd7a55733,TSCO,Tractor Supply Company,Consumer Cyclical,Specialty Retail,2024-10-27 17:57:49.084098
fc1fb9ac-4223-4b28-8ef5-6c2fe783daf8,TSLA,"Tesla, Inc.",Consumer Cyclical,Auto Manufacturers,2024-10-27 17:57:49.084098
6b72b0f4-53dd-4649-adf6-65c06e531057,TSN,"Tyson Foods, Inc.",Consumer Defensive,Farm Products,2024-10-27 17:57:49.084098
21a4de2f-a64a-4ab6-9b97-b21ab17f053e,TT,Trane Technologies plc,Industrials,Building Products & Equipment,2024-10-27 17:57:49.084098
3f812006-488c-4b0a-9ba9-02c5b43e4a58,TTWO,"Take-Two Interactive Software, Inc.",Communication Services,Electronic Gaming & Multimedia,2024-10-27 17:57:49.084098
7de3bd6f-301a-42dc-8cb0-e3fd15d061d3,TWTR,Información No Disponible,Información No Disponible,Información No Disponible,2024-10-27 17:57:49.084098
5cbac6ee-2e75-4563-bc18-a6482c056d83,TXN,Texas Instruments Incorporated,Technology,Semiconductors,2024-10-27 17:57:49.084098
bc03268f-dc2e-4cb3-bb6d-b73a5a76d419,TXT,Textron Inc.,Industrials,Aerospace & Defense,2024-10-27 17:57:49.084098
ce56dc90-0e1e-4efe-a13a-818cd6a29fdc,TYL,"Tyler Technologies, Inc.",Technology,Software - Application,2024-10-27 17:57:49.084098
37349a64-2bc2-4e7c-95ae-3a9fe836bb25,UAL,"United Airlines Holdings, Inc.",Industrials,Airlines,2024-10-27 17:57:49.084098
b3d774d2-7005-402d-b305-8305ca68aed6,UDR,"UDR, Inc.",Real Estate,REIT - Residential,2024-10-27 17:57:49.084098
57bb154a-50cc-48f5-a768-db05e3bd1119,UHS,"Universal Health Services, Inc.",Healthcare,Medical Care Facilities,2024-10-27 17:57:49.084098
a5f72c3d-7fa5-44cd-b014-0133d4bbccc5,ULTA,"Ulta Beauty, Inc.",Consumer Cyclical,Specialty Retail,2024-10-27 17:57:49.084098
e5ffe159-af2f-4b6e-a075-204f3261b482,UNH,UnitedHealth Group Incorporated,Healthcare,Healthcare Plans,2024-10-27 17:57:49.084098
da6b52c3-20ee-44b3-8847-c90c3374f2bf,UNM,Unum Group,Financial Services,Insurance - Life,2024-10-27 17:57:49.084098
ba18c041-8e42-428e-8c1c-5c67b3cc09b8,UNP,Union Pacific Corporation,Industrials,Railroads,2024-10-27 17:57:49.084098
06c0090e-50b4-4b7b-b8bb-7c03f02eef94,UPS,"United Parcel Service, Inc.",Industrials,Integrated Freight & Logistics,2024-10-27 17:57:49.084098
debfa480-d050-42b5-9908-ee348abdf18e,URI,"United Rentals, Inc.",Industrials,Rental & Leasing Services,2024-10-27 17:57:49.084098
0b6a8749-5009-4aee-9232-d235fb5cb45f,USB,U.S. Bancorp,Financial Services,Banks - Regional,2024-10-27 17:57:49.084098
265abede-763f-4cb8-875c-180e156e3b8c,V,Visa Inc.,Financial Services,Credit Services,2024-10-27 17:57:49.084098
523d8db4-d1b5-45d5-b674-c976c9771ba6,VFC,V.F. Corporation,Consumer Cyclical,Apparel Manufacturing,2024-10-27 17:57:49.084098
a51d5e32-8f9c-4940-be15-07676121f2cb,VIAC,Información No Disponible,Información No Disponible,Información No Disponible,2024-10-27 17:57:49.084098
cdf8554e-db1f-4e1d-a5b5-d5df2b8135f5,VLO,Valero Energy Corporation,Energy,Oil & Gas Refining & Marketing,2024-10-27 17:57:49.084098
239c4cdb-8c48-45a0-8998-f6603b78357d,VMC,Vulcan Materials Company,Basic Materials,Building Materials,2024-10-27 17:57:49.084098
0cbac3b8-46a5-4200-b08e-812d4eaa5373,VNO,Vornado Realty Trust,Real Estate,REIT - Office,2024-10-27 17:57:49.084098
eb8b1568-3ee7-450c-a718-8a8357e9b03a,VRSK,"Verisk Analytics, Inc.",Industrials,Consulting Services,2024-10-27 17:57:49.084098
386d3ec7-f6a5-463e-a558-0511edbe1be2,VRSN,"VeriSign, Inc.",Technology,Software - Infrastructure,2024-10-27 17:57:49.084098
39285f85-7a25-49e8-8ec1-c934d2336d7f,VRTX,Vertex Pharmaceuticals Incorporated,Healthcare,Biotechnology,2024-10-27 17:57:49.084098
71b23d07-bf9c-428a-9aac-aea6a6c94b16,VTR,"Ventas, Inc.",Real Estate,REIT - Healthcare Facilities,2024-10-27 17:57:49.084098
0a8b24a4-4abf-4f6c-84fd-3387a537e8b5,VTRS,Viatris Inc.,Healthcare,Drug Manufacturers - Specialty & Generic,2024-10-27 17:57:49.084098
f87cd6cd-a751-492d-bc09-e9b2d494a0ca,VZ,Verizon Communications Inc.,Communication Services,Telecom Services,2024-10-27 17:57:49.084098
beff2357-4cce-4ca3-b16b-261b052e56ee,WAB,Westinghouse Air Brake Technologies Corporation,Industrials,Railroads,2024-10-27 17:57:49.084098
8cb031bd-f260-466c-8f8b-88c2c530cea9,WAT,Waters Corporation,Healthcare,Diagnostics & Research,2024-10-27 17:57:49.084098
f0f13d39-57c0-4aba-8d10-52c613ec091a,WBA,"Walgreens Boots Alliance, Inc.",Healthcare,Pharmaceutical Retailers,2024-10-27 17:57:49.084098
950219c7-183c-4a42-85fb-8c6198a0016b,WDC,Western Digital Corporation,Technology,Computer Hardware,2024-10-27 17:57:49.084098
c21cdfe5-d8c1-4fdb-a6d8-ab65cb9f458e,WEC,"WEC Energy Group, Inc.",Utilities,Utilities - Regulated Electric,2024-10-27 17:57:49.084098
79074941-42a0-45eb-adfd-0ad76ae1f8e1,WELL,Welltower Inc.,Real Estate,REIT - Healthcare Facilities,2024-10-27 17:57:49.084098
d3fe4d2e-eca1-43e0-be2f-c74979c53ac1,WFC,Wells Fargo & Company,Financial Services,Banks - Diversified,2024-10-27 17:57:49.084098
4f7d667d-b263-4b65-a4cc-a7eea027a17f,WHR,Whirlpool Corporation,Consumer Cyclical,"Furnishings, Fixtures & Appliances",2024-10-27 17:57:49.084098
c89df73a-4f1c-43e7-92da-cd727e53b3da,WLTW,Información No Disponible,Información No Disponible,Información No Disponible,2024-10-27 17:57:49.084098
92faa5d7-e39a-44d3-a727-bc26e90e5f00,WM,"Waste Management, Inc.",Industrials,Waste Management,2024-10-27 17:57:49.084098
b8f1c9ec-ef23-4ded-969c-5d7ad86db60c,WMB,"The Williams Companies, Inc.",Energy,Oil & Gas Midstream,2024-10-27 17:57:49.084098
ec40f9f5-cec8-4deb-a4f4-f4d02dceae25,WMT,Walmart Inc.,Consumer Defensive,Discount Stores,2024-10-27 17:57:49.084098
9be0bc5c-fbc1-486f-afb6-73fdadbdd6d3,WRB,W. R. Berkley Corporation,Financial Services,Insurance - Property & Casualty,2024-10-27 17:57:49.084098
ecf58513-40b8-4760-82ab-3e8c66ae458f,WRK,Información No Disponible,Información No Disponible,Información No Disponible,2024-10-27 17:57:49.084098
654bc91b-6000-48e5-b594-8f87aa73ac27,WST,"West Pharmaceutical Services, Inc.",Healthcare,Medical Instruments & Supplies,2024-10-27 17:57:49.084098
7ef57bcb-09ef-4f19-bd0a-8cb406d9ef79,WU,The Western Union Company,Financial Services,Credit Services,2024-10-27 17:57:49.084098
2c6fe6a6-e0ac-4869-a6cd-add270f9e0a2,WY,Weyerhaeuser Company,Real Estate,REIT - Specialty,2024-10-27 17:57:49.084098
ab75122a-3058-4b26-9485-3e896d950ac8,WYNN,"Wynn Resorts, Limited",Consumer Cyclical,Resorts & Casinos,2024-10-27 17:57:49.084098
b560b50c-df3c-49f8-8204-7144dd31579a,XEL,Xcel Energy Inc.,Utilities,Utilities - Regulated Electric,2024-10-27 17:57:49.084098
a39f2cbe-051b-4c20-8017-974eaca5ba3f,XLNX,Información No Disponible,Información No Disponible,Información No Disponible,2024-10-27 17:57:49.084098
bc6c2c7f-9d99-4329-8103-69c8ee789818,XOM,Exxon Mobil Corporation,Energy,Oil & Gas Integrated,2024-10-27 17:57:49.084098
916b8d19-7abd-4f5b-92ef-5f805919cd24,XRAY,DENTSPLY SIRONA Inc.,Healthcare,Medical Instruments & Supplies,2024-10-27 17:57:49.084098
1dc125c1-d5ec-4fa8-b204-b7ebb0038a2d,XYL,Xylem Inc.,Industrials,Specialty Industrial Machinery,2024-10-27 17:57:49.084098
35ad8967-58c1-4c35-88e2-ef9d9788d8da,YUM,"Yum! Brands, Inc.",Consumer Cyclical,Restaurants,2024-10-27 17:57:49.084098
57c55d66-b34e-4e34-8277-7a7e18d59107,ZBH,"Zimmer Biomet Holdings, Inc.",Healthcare,Medical Devices,2024-10-27 17:57:49.084098
0069e75e-c161-4a39-9ddb-2b74308ef78e,ZBRA,Zebra Technologies Corporation,Technology,Communication Equipment,2024-10-27 17:57:49.084098
5c6bfc76-dbcb-4a4c-b687-b99d4fc732a6,ZION,"Zions Bancorporation, National Association",Financial Services,Banks - Regional,2024-10-27 17:57:49.084098
804d6011-368e-4d49-85aa-e971ceded404,ZTS,Zoetis Inc.,Healthcare,Drug Manufacturers - Specialty & Generic,2024-10-27 17:57:49.084098
